{"cameraMode":{"drawMode":0,"name":"Shaded","section":"Shading Mode"},"sceneLighting":true,"audioPlay":false,"sceneViewState":{"m_AlwaysRefresh":false,"showFog":true,"showSkybox":true,"showFlares":true,"showImageEffects":true,"showParticleSystems":true,"showVisualEffectGraphs":true,"m_FxEnabled":true},"in2DMode":false,"pivot":{"x":1.9474661350250245,"y":3.046262741088867,"z":-4.9704437255859379},"rotation":{"x":-0.29850974678993227,"y":0.0320570282638073,"z":-0.010029441677033902,"w":-0.9538084864616394},"size":1.4605309963226319,"orthographic":false}